host,timestamp_utc,image_inflight_at_sample,all_gateway_inflight_at_sample,preceding_interval_image_mean,preceding_interval_image_peak,preceding_interval_image_completed,cpu_compute_percent_interval_average,iowait_percent_interval_average,available_mib,swap_used_mib,estimated_footprint_gib
prod,2026-10-09T01:20:04Z,0,10,0.0,0,0,9.01,2.68,5435.3,62.2,2.33
prod,2026-10-09T01:30:04Z,10,28,6.95,21,67,8.08,0.93,4745.2,62.2,3.004
prod,2026-10-09T01:40:04Z,46,59,20.99,53,140,9.99,1.02,4206.9,62.5,3.53
prod,2026-10-09T01:50:04Z,39,55,40.64,57,180,7.48,1.14,4788.1,61.5,2.962
prod,2026-10-09T02:00:04Z,35,56,32.31,44,113,8.34,1.27,4483.5,61.8,3.26
prod,2026-10-09T02:10:04Z,86,106,76.54,96,146,12.64,5.83,3691.9,61.8,4.032
prod,2026-10-09T02:20:04Z,62,84,17.81,92,142,11.4,2.55,3879.2,60.8,3.848
prod,2026-10-09T02:30:04Z,28,52,47.52,98,221,11.21,1.36,4707.9,60.5,3.039
prod,2026-10-09T02:40:04Z,5,23,4.67,28,59,10.56,1.02,5047.1,60.5,2.708
prod,2026-10-09T02:50:04Z,3,20,3.33,10,45,12.73,1.06,5343.6,60.5,2.418
prod,2026-10-09T03:00:04Z,4,13,2.18,5,37,8.62,1.04,5320.2,60.5,2.441
prod,2026-10-09T03:10:04Z,5,23,1.54,7,32,11.9,1.46,5153.5,60.5,2.604
prod,2026-10-09T03:20:04Z,0,30,2.05,8,38,12.18,2.7,5274.5,60.8,2.486
prod,2026-10-09T03:30:04Z,2,26,4.25,15,57,12.53,6.14,5361.8,63.2,2.403
prod,2026-10-09T03:40:04Z,105,149,71.82,107,134,8.62,1.16,3005.1,64.8,4.706
prod,2026-10-09T03:50:04Z,82,118,93.36,111,200,7.48,1.21,3301.3,64.8,4.417
us4,2026-10-09T01:20:09Z,0,3,0.0,0,0,6.25,0.12,1055.4,236.7,1.021
us4,2026-10-09T01:30:09Z,2,2,2.53,10,28,31.54,0.11,943.0,236.4,1.131
us4,2026-10-09T01:40:27Z,18,21,9.56,25,46,70.88,0.53,224.7,572.4,2.095
us4,2026-10-09T01:50:02Z,4,5,8.89,18,53,84.9,0.43,922.9,285.7,1.182
us4,2026-10-09T02:00:09Z,5,8,2.43,6,23,36.09,0.15,688.5,275.0,1.4
us4,2026-10-09T02:10:09Z,2,3,6.01,14,40,69.9,0.26,965.8,273.4,1.129
us4,2026-10-09T02:20:27Z,12,13,2.42,15,19,29.26,0.12,431.9,262.4,1.642
us4,2026-10-09T02:30:09Z,16,20,10.84,22,40,79.05,0.93,170.6,594.7,2.161
us4,2026-10-09T02:40:27Z,1,1,2.38,16,23,27.66,0.57,1075.8,292.7,1.024
us4,2026-10-09T02:50:09Z,1,3,0.96,5,9,24.92,0.11,1001.3,288.5,1.092
us4,2026-10-09T03:00:27Z,0,4,0.99,3,11,15.05,0.17,1065.1,286.0,1.025
us4,2026-10-09T03:10:27Z,1,4,0.54,2,4,20.94,0.31,899.0,275.4,1.179
us4,2026-10-09T03:20:09Z,0,1,0.18,1,2,9.0,0.11,1078.4,274.9,1.003
us4,2026-10-09T03:30:09Z,0,3,1.78,7,17,30.06,0.1,1082.3,266.6,0.993
us4,2026-10-09T03:40:27Z,2,2,9.63,18,64,81.09,0.55,870.8,302.1,1.227
us4,2026-10-09T03:50:27Z,5,5,4.07,12,35,46.11,0.09,911.7,286.8,1.176
us5,2026-10-09T01:20:20Z,0,1,0.0,0,0,4.68,0.08,1083.4,277.5,1.013
us5,2026-10-09T01:30:20Z,3,4,1.77,6,16,23.57,0.09,921.1,283.4,1.18
us5,2026-10-09T01:40:20Z,2,3,3.8,10,35,44.13,0.06,749.3,278.1,1.342
us5,2026-10-09T01:50:20Z,2,2,2.82,6,25,45.85,0.05,940.0,276.1,1.154
us5,2026-10-09T02:00:20Z,7,8,2.5,8,21,30.47,0.06,631.0,276.4,1.456
us5,2026-10-09T02:10:20Z,23,26,23.22,30,39,95.17,4.47,185.3,969.1,2.496
us5,2026-10-09T02:20:20Z,9,13,6.99,23,31,65.2,1.17,273.2,309.3,1.835
us5,2026-10-09T02:30:20Z,7,16,5.51,12,35,69.76,0.18,666.8,308.3,1.45
us5,2026-10-09T02:40:20Z,0,7,0.99,7,11,24.37,0.11,865.2,304.1,1.252
us5,2026-10-09T02:50:20Z,0,6,0.86,3,9,18.84,0.28,1088.8,303.4,1.033
us5,2026-10-09T03:00:20Z,2,4,0.47,2,5,12.95,0.17,912.1,302.2,1.203
us5,2026-10-09T03:10:20Z,2,11,0.48,3,5,17.31,0.26,974.0,301.2,1.142
us5,2026-10-09T03:20:20Z,0,6,0.31,2,4,14.23,0.13,1057.4,300.7,1.059
us5,2026-10-09T03:30:20Z,1,4,1.12,3,13,19.65,0.13,1098.3,299.9,1.017
us5,2026-10-09T03:40:20Z,26,29,22.41,34,36,77.39,9.04,130.4,1195.3,2.894
us5,2026-10-09T03:50:20Z,12,16,15.08,26,59,86.35,4.74,421.0,549.5,1.887
us6,2026-10-09T01:20:44Z,0,0,0.0,0,0,3.78,0.07,1116.4,246.8,0.954
us6,2026-10-09T01:30:44Z,1,2,2.16,7,15,33.59,0.1,763.7,265.0,1.316
us6,2026-10-09T01:40:10Z,20,22,5.77,20,35,62.64,0.16,222.4,264.9,1.849
us6,2026-10-09T01:50:44Z,31,36,25.15,33,66,90.99,6.37,90.6,1105.1,2.835
us6,2026-10-09T02:00:10Z,19,24,23.73,36,45,85.22,10.7,309.3,692.2,2.131
us6,2026-10-09T02:13:14Z,36,44,28.73,37,27,48.11,48.05,31.7,2048.0,3.783
us6,2026-10-09T02:20:45Z,19,21,16.91,36,33,30.87,64.24,71.9,2047.6,3.7
us6,2026-10-09T02:32:41Z,0,0,6.37,25,26,29.75,65.07,30.3,2048.0,3.823
us6,2026-10-09T03:04:27Z,0,0,0.0,0,0,53.11,44.33,30.2,2048.0,3.83
us6,2026-10-09T03:28:52Z,0,0,0.0,0,0,27.62,70.33,1444.9,350.7,0.797
us6,2026-10-09T03:50:52Z,3,3,2.77,14,43,56.6,0.11,973.1,36.2,0.95
